TXN8594411611,ACC61170,ACC73104,1456.87,2025-01-17T10:26:00.000Z,Failed,true,"48.8566 N, 2.3522 W",Mobile,Slice3,8,117,4216
TXN6822123619,ACC71070,ACC58930,561.06,2025-01-17T10:11:00.000Z,Failed,true,"40.7128 N, 139.6917 W",Desktop,Slice3,6,79,6167
TXN1325800005,ACC53355,ACC88440,1421.77,2025-01-17T10:03:00.000Z,Failed,false,"55.7558 N, 37.6173 W",Mobile,Slice2,12,181,4697
TXN2567753845,ACC79919,ACC39708,1250.33,2025-01-17T10:51:00.000Z,Success,true,"34.0522 N, 139.6917 W",Mobile,Slice1,12,247,1831
TXN1783258965,ACC79528,ACC94835,560.21,2025-01-17T10:45:00.000Z,Failed,true,"55.7558 N, 37.6173 W",Mobile,Slice3,12,113,1398
TXN2359071560,ACC14335,ACC98744,724.63,2025-01-17T10:29:00.000Z,Success,false,"35.6895 N, 139.6917 W",Desktop,Slice2,17,188,8166
TXN1719512608,ACC73354,ACC33847,1065.66,2025-01-17T10:59:00.000Z,Success,true,"40.7128 N, 2.3522 W",Desktop,Slice2,6,190,3768
TXN2331276401,ACC97833,ACC23301,1054.35,2025-01-17T10:59:00.000Z,Success,false,"48.8566 N, -74.006 W",Desktop,Slice1,11,120,9852
TXN4181704626,ACC95406,ACC83717,258.8,2025-01-17T10:32:00.000Z,Failed,true,"35.6895 N, -74.006 W",Desktop,Slice1,12,74,9279
TXN3799698655,ACC24754,ACC27643,549.88,2025-01-17T10:02:00.000Z,Success,false,"48.8566 N, 139.6917 W",Desktop,Slice2,11,98,1389
TXN1548767950,ACC11070,ACC77895,1445.47,2025-01-17T10:53:00.000Z,Failed,false,"51.5074 N, -74.006 W",Desktop,Slice1,12,139,9656
TXN8359126525,ACC48193,ACC86891,615.2,2025-01-17T10:01:00.000Z,Success,false,"34.0522 N, -74.006 W",Desktop,Slice2,13,244,2464
TXN4034217983,ACC88799,ACC48171,1231.61,2025-01-17T10:46:00.000Z,Success,true,"48.8566 N, -74.006 W",Desktop,Slice3,11,188,4726
TXN3342617288,ACC99232,ACC40298,454.59,2025-01-17T10:25:00.000Z,Success,true,"34.0522 N, -74.006 W",Desktop,Slice2,20,130,7460
TXN7830195715,ACC24247,ACC15009,657.19,2025-01-17T10:01:00.000Z,Failed,false,"55.7558 N, -74.006 W",Desktop,Slice3,6,168,4470
TXN8864740605,ACC16485,ACC31111,1149.81,2025-01-17T10:34:00.000Z,Success,true,"35.6895 N, 37.6173 W",Mobile,Slice3,3,138,5507
TXN7459821975,ACC85542,ACC68798,865.15,2025-01-17T10:46:00.000Z,Success,true,"55.7558 N, 2.3522 W",Desktop,Slice2,12,72,6266
TXN1191908152,ACC68233,ACC96195,729.84,2025-01-17T10:17:00.000Z,Failed,true,"35.6895 N, 37.6173 W",Desktop,Slice2,5,57,9444
TXN8215188209,ACC74353,ACC33742,755.82,2025-01-17T10:35:00.000Z,Failed,false,"34.0522 N, 2.3522 W",Desktop,Slice3,20,203,2744
TXN2591216678,ACC16273,ACC80059,406.25,2025-01-17T10:36:00.000Z,Success,false,"55.7558 N, 37.6173 W",Mobile,Slice1,7,226,5198
TXN3004498462,ACC41245,ACC33168,914.96,2025-01-17T10:02:00.000Z,Success,false,"51.5074 N, 0.1278 W",Mobile,Slice2,7,117,6699
TXN8761342560,ACC33864,ACC18989,1081.34,2025-01-17T10:04:00.000Z,Failed,true,"35.6895 N, 0.1278 W",Mobile,Slice2,7,106,3420
TXN9179726148,ACC70138,ACC15338,993.15,2025-01-17T10:54:00.000Z,Failed,true,"35.6895 N, 2.3522 W",Desktop,Slice1,9,150,3423
TXN8132394228,ACC16963,ACC95542,229.22,2025-01-17T10:24:00.000Z,Failed,false,"51.5074 N, 0.1278 W",Desktop,Slice2,6,143,1588
TXN4345176866,ACC70246,ACC68622,1196.04,2025-01-17T10:43:00.000Z,Success,true,"34.0522 N, 37.6173 W",Mobile,Slice1,9,102,8819
TXN1560479237,ACC90210,ACC78955,99.09,2025-01-17T10:57:00.000Z,Success,false,"40.7128 N, 0.1278 W",Desktop,Slice2,19,220,9284
TXN5092379896,ACC51099,ACC58882,420.86,2025-01-17T10:46:00.000Z,Success,false,"55.7558 N, 37.6173 W",Mobile,Slice3,6,68,8033
TXN2413731893,ACC49033,ACC49745,241.5,2025-01-17T10:42:00.000Z,Success,true,"55.7558 N, 139.6917 W",Mobile,Slice2,18,64,9569
TXN4537775371,ACC23590,ACC29213,463.4,2025-01-17T10:39:00.000Z,Success,false,"35.6895 N, -74.006 W",Mobile,Slice1,10,95,4777
TXN9281433787,ACC89865,ACC80153,950.03,2025-01-17T10:40:00.000Z,Failed,true,"34.0522 N, 0.1278 W",Mobile,Slice2,11,104,1454
TXN3291589485,ACC85126,ACC72358,978.12,2025-01-17T10:24:00.000Z,Failed,true,"40.7128 N, -74.006 W",Mobile,Slice3,16,178,8819
TXN1349130936,ACC61457,ACC40460,692.55,2025-01-17T10:21:00.000Z,Failed,true,"55.7558 N, 139.6917 W",Desktop,Slice2,20,115,3465
TXN8148340158,ACC21753,ACC20750,569.57,2025-01-17T10:56:00.000Z,Success,false,"55.7558 N, 2.3522 W",Desktop,Slice1,8,104,1761
TXN4624273975,ACC24347,ACC81604,287.89,2025-01-17T10:37:00.000Z,Failed,true,"35.6895 N, -118.2437 W",Mobile,Slice2,7,250,9131
TXN6617448958,ACC14377,ACC64719,53.53,2025-01-17T10:53:00.000Z,Failed,true,"40.7128 N, -74.006 W",Mobile,Slice2,16,132,6480
TXN6280767843,ACC90421,ACC28114,233.95,2025-01-17T10:17:00.000Z,Failed,false,"48.8566 N, 37.6173 W",Desktop,Slice1,13,178,4722
TXN1536273608,ACC96845,ACC91092,599.56,2025-01-17T10:23:00.000Z,Failed,true,"35.6895 N, 37.6173 W",Desktop,Slice3,9,109,6970
TXN1760011640,ACC94252,ACC77910,407.18,2025-01-17T10:45:00.000Z,Success,false,"34.0522 N, -74.006 W",Desktop,Slice3,8,143,7375
TXN6948194620,ACC36199,ACC30649,934.63,2025-01-17T10:11:00.000Z,Failed,false,"51.5074 N, -118.2437 W",Mobile,Slice1,9,139,5860
TXN2205129655,ACC32633,ACC42325,1464.96,2025-01-17T10:11:00.000Z,Success,false,"48.8566 N, -118.2437 W",Mobile,Slice1,4,216,1313
TXN5544938025,ACC60930,ACC55417,806.29,2025-01-17T10:24:00.000Z,Failed,true,"35.6895 N, 0.1278 W",Desktop,Slice2,4,100,3358
TXN8520574795,ACC48834,ACC48167,1181.75,2025-01-17T10:19:00.000Z,Failed,true,"48.8566 N, 139.6917 W",Desktop,Slice3,15,237,4578
TXN7915670502,ACC23770,ACC81872,1011.54,2025-01-17T10:35:00.000Z,Success,true,"34.0522 N, -74.006 W",Desktop,Slice1,19,108,6956
TXN2643911906,ACC42513,ACC94355,483.75,2025-01-17T10:39:00.000Z,Success,true,"35.6895 N, 37.6173 W",Mobile,Slice3,11,91,9229
TXN2695316508,ACC59341,ACC41010,1304.24,2025-01-17T10:51:00.000Z,Failed,true,"55.7558 N, -118.2437 W",Mobile,Slice1,17,99,3134
TXN4702742989,ACC60516,ACC31378,822.01,2025-01-17T10:05:00.000Z,Success,true,"55.7558 N, 139.6917 W",Desktop,Slice2,14,225,3222
TXN3238274353,ACC78774,ACC16571,280.59,2025-01-17T10:38:00.000Z,Success,false,"51.5074 N, 2.3522 W",Desktop,Slice2,13,94,9132
TXN7460255392,ACC30395,ACC69061,1249.53,2025-01-17T10:45:00.000Z,Failed,false,"51.5074 N, 0.1278 W",Mobile,Slice1,11,181,8248
TXN5244246982,ACC96030,ACC68425,380.22,2025-01-17T10:51:00.000Z,Success,true,"34.0522 N, 2.3522 W",Mobile,Slice1,6,141,8896
TXN9329992317,ACC32059,ACC62896,693.77,2025-01-17T10:22:00.000Z,Success,true,"51.5074 N, 0.1278 W",Desktop,Slice2,7,248,1986
